Name,RequiredServices,CanPauseAndContinue,CanShutdown,CanStop,DisplayName,DependentServices,MachineName,ServiceName,ServicesDependedOn,ServiceHandle,Status,ServiceType,Site,Container
AdobeARMservice,System.ServiceProcess.ServiceController[],FALSE,FALSE,TRUE,Adobe Acrobat Update Service,System.ServiceProcess.ServiceController[],.,AdobeARMservice,System.ServiceProcess.ServiceController[],SafeServiceHandle,Running,Win32OwnProcess,,
AdobeFlashPlayerUpdateSvc,System.ServiceProcess.ServiceController[],FALSE,FALSE,FALSE,Adobe Flash Player Update Service,System.ServiceProcess.ServiceController[],.,AdobeFlashPlayerUpdateSvc,System.ServiceProcess.ServiceController[],SafeServiceHandle,Stopped,Win32OwnProcess,,
AeLookupSvc,System.ServiceProcess.ServiceController[],FALSE,FALSE,FALSE,Application Experience,System.ServiceProcess.ServiceController[],.,AeLookupSvc,System.ServiceProcess.ServiceController[],SafeServiceHandle,Stopped,Win32ShareProcess,,
ALG,System.ServiceProcess.ServiceController[],FALSE,FALSE,FALSE,Application Layer Gateway Service,System.ServiceProcess.ServiceController[],.,ALG,System.ServiceProcess.ServiceController[],SafeServiceHandle,Stopped,Win32OwnProcess,,
AppHostSvc,System.ServiceProcess.ServiceController[],TRUE,TRUE,TRUE,Application Host Helper Service,System.ServiceProcess.ServiceController[],.,AppHostSvc,System.ServiceProcess.ServiceController[],SafeServiceHandle,Running,Win32ShareProcess,,
AppIDSvc,System.ServiceProcess.ServiceController[],FALSE,FALSE,FALSE,Application Identity,System.ServiceProcess.ServiceController[],.,AppIDSvc,System.ServiceProcess.ServiceController[],SafeServiceHandle,Stopped,Win32ShareProcess,,
Appinfo,System.ServiceProcess.ServiceController[],FALSE,FALSE,FALSE,Application Information,System.ServiceProcess.ServiceController[],.,Appinfo,System.ServiceProcess.ServiceController[],SafeServiceHandle,Stopped,Win32ShareProcess,,
AppMgmt,System.ServiceProcess.ServiceController[],FALSE,FALSE,FALSE,Application Management,System.ServiceProcess.ServiceController[],.,AppMgmt,System.ServiceProcess.ServiceController[],SafeServiceHandle,Stopped,Win32ShareProcess,,
aspnet_state,System.ServiceProcess.ServiceController[],FALSE,FALSE,FALSE,ASP.NET State Service,System.ServiceProcess.ServiceController[],.,aspnet_state,System.ServiceProcess.ServiceController[],SafeServiceHandle,Stopped,Win32OwnProcess,,
AudioEndpointBuilder,System.ServiceProcess.ServiceController[],FALSE,FALSE,TRUE,Windows Audio Endpoint Builder,System.ServiceProcess.ServiceController[],.,AudioEndpointBuilder,System.ServiceProcess.ServiceController[],SafeServiceHandle,Running,Win32ShareProcess,,
AudioSrv,System.ServiceProcess.ServiceController[],FALSE,FALSE,TRUE,Windows Audio,System.ServiceProcess.ServiceController[],.,AudioSrv,System.ServiceProcess.ServiceController[],SafeServiceHandle,Running,Win32ShareProcess,,
AxInstSV,System.ServiceProcess.ServiceController[],FALSE,FALSE,FALSE,ActiveX Installer (AxInstSV),System.ServiceProcess.ServiceController[],.,AxInstSV,System.ServiceProcess.ServiceController[],SafeServiceHandle,Stopped,Win32ShareProcess,,
BDESVC,System.ServiceProcess.ServiceController[],FALSE,FALSE,TRUE,BitLocker Drive Encryption Service,System.ServiceProcess.ServiceController[],.,BDESVC,System.ServiceProcess.ServiceController[],,Running,Win32ShareProcess,,
BFE,System.ServiceProcess.ServiceController[],FALSE,FALSE,TRUE,Base Filtering Engine,System.ServiceProcess.ServiceController[],.,BFE,System.ServiceProcess.ServiceController[],SafeServiceHandle,Running,Win32ShareProcess,,
BITS,System.ServiceProcess.ServiceController[],FALSE,FALSE,TRUE,Background Intelligent Transfer Service,System.ServiceProcess.ServiceController[],.,BITS,System.ServiceProcess.ServiceController[],SafeServiceHandle,Running,Win32ShareProcess,,
BotkindSyncService,System.ServiceProcess.ServiceController[],FALSE,FALSE,TRUE,Botkind Service,System.ServiceProcess.ServiceController[],.,BotkindSyncService,System.ServiceProcess.ServiceController[],SafeServiceHandle,Running,Win32OwnProcess,,
BoxSyncUpdateService,System.ServiceProcess.ServiceController[],FALSE,FALSE,FALSE,Box Sync Update Service,System.ServiceProcess.ServiceController[],.,BoxSyncUpdateService,System.ServiceProcess.ServiceController[],SafeServiceHandle,Stopped,Win32OwnProcess,,
Browser,System.ServiceProcess.ServiceController[],FALSE,FALSE,FALSE,Computer Browser,System.ServiceProcess.ServiceController[],.,Browser,System.ServiceProcess.ServiceController[],SafeServiceHandle,Stopped,Win32ShareProcess,,
bthserv,System.ServiceProcess.ServiceController[],FALSE,TRUE,TRUE,Bluetooth Support Service,System.ServiceProcess.ServiceController[],.,bthserv,System.ServiceProcess.ServiceController[],SafeServiceHandle,Running,Win32ShareProcess,,
CcmExec,System.ServiceProcess.ServiceController[],FALSE,TRUE,TRUE,SMS Agent Host,System.ServiceProcess.ServiceController[],.,CcmExec,System.ServiceProcess.ServiceController[],SafeServiceHandle,Running,Win32OwnProcess,,
CertPropSvc,System.ServiceProcess.ServiceController[],FALSE,TRUE,TRUE,Certificate Propagation,System.ServiceProcess.ServiceController[],.,CertPropSvc,System.ServiceProcess.ServiceController[],,Running,Win32ShareProcess,,
Cirrato,System.ServiceProcess.ServiceController[],TRUE,TRUE,TRUE,Cirrato Client,System.ServiceProcess.ServiceController[],.,Cirrato,System.ServiceProcess.ServiceController[],SafeServiceHandle,Running,Win32OwnProcess,,
Cirrato Client Communication .Net 4.5,System.ServiceProcess.ServiceController[],FALSE,TRUE,TRUE,Cirrato Client Communication,System.ServiceProcess.ServiceController[],.,Cirrato Client Communication .Net 4.5,System.ServiceProcess.ServiceController[],SafeServiceHandle,Running,Win32OwnProcess,,
clr_optimization_v2.0.50727_32,System.ServiceProcess.ServiceController[],FALSE,FALSE,FALSE,Microsoft .NET Framework NGEN v2.0.50727_X86,System.ServiceProcess.ServiceController[],.,clr_optimization_v2.0.50727_32,System.ServiceProcess.ServiceController[],SafeServiceHandle,Stopped,Win32OwnProcess,,
clr_optimization_v2.0.50727_64,System.ServiceProcess.ServiceController[],FALSE,FALSE,FALSE,Microsoft .NET Framework NGEN v2.0.50727_X64,System.ServiceProcess.ServiceController[],.,clr_optimization_v2.0.50727_64,System.ServiceProcess.ServiceController[],SafeServiceHandle,Stopped,Win32OwnProcess,,
clr_optimization_v4.0.30319_32,System.ServiceProcess.ServiceController[],FALSE,FALSE,FALSE,Microsoft .NET Framework NGEN v4.0.30319_X86,System.ServiceProcess.ServiceController[],.,clr_optimization_v4.0.30319_32,System.ServiceProcess.ServiceController[],SafeServiceHandle,Stopped,Win32OwnProcess,,
clr_optimization_v4.0.30319_64,System.ServiceProcess.ServiceController[],FALSE,FALSE,FALSE,Microsoft .NET Framework NGEN v4.0.30319_X64,System.ServiceProcess.ServiceController[],.,clr_optimization_v4.0.30319_64,System.ServiceProcess.ServiceController[],SafeServiceHandle,Stopped,Win32OwnProcess,,
CmRcService,System.ServiceProcess.ServiceController[],FALSE,FALSE,FALSE,Configuration Manager Remote Control,System.ServiceProcess.ServiceController[],.,CmRcService,System.ServiceProcess.ServiceController[],SafeServiceHandle,Stopped,Win32OwnProcess,,
COMSysApp,System.ServiceProcess.ServiceController[],FALSE,FALSE,FALSE,COM+ System Application,System.ServiceProcess.ServiceController[],.,COMSysApp,System.ServiceProcess.ServiceController[],SafeServiceHandle,Stopped,Win32OwnProcess,,
cphs,System.ServiceProcess.ServiceController[],FALSE,FALSE,FALSE,Intel(R) Content Protection HECI Service,System.ServiceProcess.ServiceController[],.,cphs,System.ServiceProcess.ServiceController[],SafeServiceHandle,Stopped,Win32OwnProcess,,
CryptSvc,System.ServiceProcess.ServiceController[],FALSE,TRUE,TRUE,Cryptographic Services,System.ServiceProcess.ServiceController[],.,CryptSvc,System.ServiceProcess.ServiceController[],SafeServiceHandle,Running,Win32ShareProcess,,
CscService,System.ServiceProcess.ServiceController[],FALSE,FALSE,TRUE,Offline Files,System.ServiceProcess.ServiceController[],.,CscService,System.ServiceProcess.ServiceController[],SafeServiceHandle,Running,Win32ShareProcess,,
dbupdate,System.ServiceProcess.ServiceController[],FALSE,FALSE,FALSE,Dropbox Update Service (dbupdate),System.ServiceProcess.ServiceController[],.,dbupdate,System.ServiceProcess.ServiceController[],SafeServiceHandle,Stopped,Win32OwnProcess,,
dbupdatem,System.ServiceProcess.ServiceController[],FALSE,FALSE,FALSE,Dropbox Update Service (dbupdatem),System.ServiceProcess.ServiceController[],.,dbupdatem,System.ServiceProcess.ServiceController[],SafeServiceHandle,Stopped,Win32OwnProcess,,
DbxSvc,System.ServiceProcess.ServiceController[],FALSE,FALSE,TRUE,DbxSvc,System.ServiceProcess.ServiceController[],.,DbxSvc,System.ServiceProcess.ServiceController[],SafeServiceHandle,Running,Win32OwnProcess,,
DcomLaunch,System.ServiceProcess.ServiceController[],FALSE,FALSE,FALSE,DCOM Server Process Launcher,System.ServiceProcess.ServiceController[],.,DcomLaunch,System.ServiceProcess.ServiceController[],,Running,Win32ShareProcess,,
defragsvc,System.ServiceProcess.ServiceController[],FALSE,FALSE,FALSE,Disk Defragmenter,System.ServiceProcess.ServiceController[],.,defragsvc,System.ServiceProcess.ServiceController[],SafeServiceHandle,Stopped,Win32OwnProcess,,
Dhcp,System.ServiceProcess.ServiceController[],FALSE,TRUE,TRUE,DHCP Client,System.ServiceProcess.ServiceController[],.,Dhcp,System.ServiceProcess.ServiceController[],SafeServiceHandle,Running,Win32ShareProcess,,
DiagTrack,System.ServiceProcess.ServiceController[],FALSE,TRUE,TRUE,Diagnostics Tracking Service,System.ServiceProcess.ServiceController[],.,DiagTrack,System.ServiceProcess.ServiceController[],SafeServiceHandle,Running,Win32OwnProcess,,
Dnscache,System.ServiceProcess.ServiceController[],FALSE,FALSE,TRUE,DNS Client,System.ServiceProcess.ServiceController[],.,Dnscache,System.ServiceProcess.ServiceController[],SafeServiceHandle,Running,Win32ShareProcess,,
dot3svc,System.ServiceProcess.ServiceController[],FALSE,TRUE,TRUE,Wired AutoConfig,System.ServiceProcess.ServiceController[],.,dot3svc,System.ServiceProcess.ServiceController[],SafeServiceHandle,Running,Win32OwnProcess,,
DPS,System.ServiceProcess.ServiceController[],FALSE,TRUE,TRUE,Diagnostic Policy Service,System.ServiceProcess.ServiceController[],.,DPS,System.ServiceProcess.ServiceController[],,Running,Win32ShareProcess,,
EapHost,System.ServiceProcess.ServiceController[],FALSE,TRUE,TRUE,Extensible Authentication Protocol,System.ServiceProcess.ServiceController[],.,EapHost,System.ServiceProcess.ServiceController[],SafeServiceHandle,Running,Win32ShareProcess,,
EFS,System.ServiceProcess.ServiceController[],FALSE,FALSE,FALSE,Encrypting File System (EFS),System.ServiceProcess.ServiceController[],.,EFS,System.ServiceProcess.ServiceController[],,Stopped,Win32ShareProcess,,
ehRecvr,System.ServiceProcess.ServiceController[],FALSE,FALSE,FALSE,Windows Media Center Receiver Service,System.ServiceProcess.ServiceController[],.,ehRecvr,System.ServiceProcess.ServiceController[],SafeServiceHandle,Stopped,Win32OwnProcess,,
ehSched,System.ServiceProcess.ServiceController[],FALSE,FALSE,FALSE,Windows Media Center Scheduler Service,System.ServiceProcess.ServiceController[],.,ehSched,System.ServiceProcess.ServiceController[],SafeServiceHandle,Stopped,Win32OwnProcess,,
eventlog,System.ServiceProcess.ServiceController[],FALSE,TRUE,TRUE,Windows Event Log,System.ServiceProcess.ServiceController[],.,eventlog,System.ServiceProcess.ServiceController[],SafeServiceHandle,Running,Win32ShareProcess,,
EventSystem,System.ServiceProcess.ServiceController[],FALSE,FALSE,TRUE,COM+ Event System,System.ServiceProcess.ServiceController[],.,EventSystem,System.ServiceProcess.ServiceController[],SafeServiceHandle,Running,Win32ShareProcess,,
EvtEng,System.ServiceProcess.ServiceController[],FALSE,FALSE,TRUE,Intel(R) PROSet/Wireless Event Log,System.ServiceProcess.ServiceController[],.,EvtEng,System.ServiceProcess.ServiceController[],SafeServiceHandle,Running,Win32OwnProcess,,
Fax,System.ServiceProcess.ServiceController[],FALSE,FALSE,FALSE,Fax,System.ServiceProcess.ServiceController[],.,Fax,System.ServiceProcess.ServiceController[],SafeServiceHandle,Stopped,Win32OwnProcess,,
fdPHost,System.ServiceProcess.ServiceController[],FALSE,FALSE,FALSE,Function Discovery Provider Host,System.ServiceProcess.ServiceController[],.,fdPHost,System.ServiceProcess.ServiceController[],SafeServiceHandle,Stopped,Win32ShareProcess,,
FDResPub,System.ServiceProcess.ServiceController[],FALSE,TRUE,TRUE,Function Discovery Resource Publication,System.ServiceProcess.ServiceController[],.,FDResPub,System.ServiceProcess.ServiceController[],SafeServiceHandle,Running,Win32ShareProcess,,
FontCache,System.ServiceProcess.ServiceController[],FALSE,TRUE,TRUE,Windows Font Cache Service,System.ServiceProcess.ServiceController[],.,FontCache,System.ServiceProcess.ServiceController[],SafeServiceHandle,Running,Win32ShareProcess,,
FontCache3.0.0.0,System.ServiceProcess.ServiceController[],FALSE,TRUE,TRUE,Windows Presentation Foundation Font Cache 3.0.0.0,System.ServiceProcess.ServiceController[],.,FontCache3.0.0.0,System.ServiceProcess.ServiceController[],SafeServiceHandle,Running,Win32OwnProcess,,
FoxitCloudUpdateService,System.ServiceProcess.ServiceController[],FALSE,TRUE,TRUE,Foxit Cloud Safe Update Service,System.ServiceProcess.ServiceController[],.,FoxitCloudUpdateService,System.ServiceProcess.ServiceController[],SafeServiceHandle,Running,"Win32OwnProcess, InteractiveProcess",,
gpsvc,System.ServiceProcess.ServiceController[],FALSE,FALSE,TRUE,Group Policy Client,System.ServiceProcess.ServiceController[],.,gpsvc,System.ServiceProcess.ServiceController[],,Running,Win32ShareProcess,,
gupdate,System.ServiceProcess.ServiceController[],FALSE,FALSE,FALSE,Google Update Service (gupdate),System.ServiceProcess.ServiceController[],.,gupdate,System.ServiceProcess.ServiceController[],SafeServiceHandle,Stopped,Win32OwnProcess,,
gupdatem,System.ServiceProcess.ServiceController[],FALSE,FALSE,FALSE,Google Update Service (gupdatem),System.ServiceProcess.ServiceController[],.,gupdatem,System.ServiceProcess.ServiceController[],SafeServiceHandle,Stopped,Win32OwnProcess,,
hidserv,System.ServiceProcess.ServiceController[],FALSE,FALSE,FALSE,Human Interface Device Access,System.ServiceProcess.ServiceController[],.,hidserv,System.ServiceProcess.ServiceController[],SafeServiceHandle,Stopped,Win32ShareProcess,,
hkmsvc,System.ServiceProcess.ServiceController[],FALSE,FALSE,FALSE,Health Key and Certificate Management,System.ServiceProcess.ServiceController[],.,hkmsvc,System.ServiceProcess.ServiceController[],SafeServiceHandle,Stopped,Win32ShareProcess,,
HomeGroupListener,System.ServiceProcess.ServiceController[],FALSE,FALSE,FALSE,HomeGroup Listener,System.ServiceProcess.ServiceController[],.,HomeGroupListener,System.ServiceProcess.ServiceController[],SafeServiceHandle,Stopped,Win32ShareProcess,,
HomeGroupProvider,System.ServiceProcess.ServiceController[],FALSE,FALSE,FALSE,HomeGroup Provider,System.ServiceProcess.ServiceController[],.,HomeGroupProvider,System.ServiceProcess.ServiceController[],SafeServiceHandle,Stopped,Win32ShareProcess,,
HWDeviceService64.exe,System.ServiceProcess.ServiceController[],FALSE,FALSE,TRUE,HWDeviceService64.exe,System.ServiceProcess.ServiceController[],.,HWDeviceService64.exe,System.ServiceProcess.ServiceController[],SafeServiceHandle,Running,"Win32OwnProcess, InteractiveProcess",,
IBMPMSVC,System.ServiceProcess.ServiceController[],FALSE,FALSE,TRUE,Lenovo PM Service,System.ServiceProcess.ServiceController[],.,IBMPMSVC,System.ServiceProcess.ServiceController[],SafeServiceHandle,Running,Win32OwnProcess,,
idsvc,System.ServiceProcess.ServiceController[],FALSE,FALSE,FALSE,Windows CardSpace,System.ServiceProcess.ServiceController[],.,idsvc,System.ServiceProcess.ServiceController[],,Stopped,Win32ShareProcess,,
IEEtwCollectorService,System.ServiceProcess.ServiceController[],FALSE,FALSE,FALSE,Internet Explorer ETW Collector Service,System.ServiceProcess.ServiceController[],.,IEEtwCollectorService,System.ServiceProcess.ServiceController[],SafeServiceHandle,Stopped,Win32OwnProcess,,
igfxCUIService1.0.0.0,System.ServiceProcess.ServiceController[],FALSE,FALSE,TRUE,Intel(R) HD Graphics Control Panel Service,System.ServiceProcess.ServiceController[],.,igfxCUIService1.0.0.0,System.ServiceProcess.ServiceController[],SafeServiceHandle,Running,Win32OwnProcess,,
IKEEXT,System.ServiceProcess.ServiceController[],FALSE,TRUE,TRUE,IKE and AuthIP IPsec Keying Modules,System.ServiceProcess.ServiceController[],.,IKEEXT,System.ServiceProcess.ServiceController[],SafeServiceHandle,Running,Win32ShareProcess,,
IPBusEnum,System.ServiceProcess.ServiceController[],FALSE,FALSE,FALSE,PnP-X IP Bus Enumerator,System.ServiceProcess.ServiceController[],.,IPBusEnum,System.ServiceProcess.ServiceController[],SafeServiceHandle,Stopped,Win32ShareProcess,,
iphlpsvc,System.ServiceProcess.ServiceController[],FALSE,FALSE,TRUE,IP Helper,System.ServiceProcess.ServiceController[],.,iphlpsvc,System.ServiceProcess.ServiceController[],SafeServiceHandle,Running,Win32ShareProcess,,
Jenkins,System.ServiceProcess.ServiceController[],FALSE,TRUE,TRUE,Jenkins,System.ServiceProcess.ServiceController[],.,Jenkins,System.ServiceProcess.ServiceController[],SafeServiceHandle,Running,Win32OwnProcess,,
JuniperAccessService,System.ServiceProcess.ServiceController[],FALSE,FALSE,TRUE,Pulse Secure Network Service,System.ServiceProcess.ServiceController[],.,JuniperAccessService,System.ServiceProcess.ServiceController[],SafeServiceHandle,Running,Win32OwnProcess,,
KeyIso,System.ServiceProcess.ServiceController[],FALSE,FALSE,TRUE,CNG Key Isolation,System.ServiceProcess.ServiceController[],.,KeyIso,System.ServiceProcess.ServiceController[],SafeServiceHandle,Running,Win32ShareProcess,,
KtmRm,System.ServiceProcess.ServiceController[],FALSE,FALSE,FALSE,KtmRm for Distributed Transaction Coordinator,System.ServiceProcess.ServiceController[],.,KtmRm,System.ServiceProcess.ServiceController[],SafeServiceHandle,Stopped,Win32ShareProcess,,
LanmanServer,System.ServiceProcess.ServiceController[],TRUE,FALSE,TRUE,Server,System.ServiceProcess.ServiceController[],.,LanmanServer,System.ServiceProcess.ServiceController[],SafeServiceHandle,Running,Win32ShareProcess,,
LanmanWorkstation,System.ServiceProcess.ServiceController[],TRUE,FALSE,TRUE,Workstation,System.ServiceProcess.ServiceController[],.,LanmanWorkstation,System.ServiceProcess.ServiceController[],SafeServiceHandle,Running,Win32ShareProcess,,
LENOVO.MICMUTE,System.ServiceProcess.ServiceController[],FALSE,FALSE,TRUE,Lenovo Microphone Mute,System.ServiceProcess.ServiceController[],.,LENOVO.MICMUTE,System.ServiceProcess.ServiceController[],SafeServiceHandle,Running,Win32OwnProcess,,
lltdsvc,System.ServiceProcess.ServiceController[],FALSE,FALSE,FALSE,Link-Layer Topology Discovery Mapper,System.ServiceProcess.ServiceController[],.,lltdsvc,System.ServiceProcess.ServiceController[],SafeServiceHandle,Stopped,Win32ShareProcess,,
lmhosts,System.ServiceProcess.ServiceController[],FALSE,FALSE,TRUE,TCP/IP NetBIOS Helper,System.ServiceProcess.ServiceController[],.,lmhosts,System.ServiceProcess.ServiceController[],SafeServiceHandle,Running,Win32ShareProcess,,
lpasvc,System.ServiceProcess.ServiceController[],FALSE,FALSE,FALSE,Microsoft Policy Platform Local Authority,System.ServiceProcess.ServiceController[],.,lpasvc,System.ServiceProcess.ServiceController[],SafeServiceHandle,Stopped,Win32ShareProcess,,
lppsvc,System.ServiceProcess.ServiceController[],FALSE,FALSE,FALSE,Microsoft Policy Platform Processor,System.ServiceProcess.ServiceController[],.,lppsvc,System.ServiceProcess.ServiceController[],SafeServiceHandle,Stopped,Win32ShareProcess,,
MBAMAgent,System.ServiceProcess.ServiceController[],FALSE,TRUE,TRUE,BitLocker Management Client Service,System.ServiceProcess.ServiceController[],.,MBAMAgent,System.ServiceProcess.ServiceController[],SafeServiceHandle,Running,Win32OwnProcess,,
Mcx2Svc,System.ServiceProcess.ServiceController[],FALSE,FALSE,FALSE,Media Center Extender Service,System.ServiceProcess.ServiceController[],.,Mcx2Svc,System.ServiceProcess.ServiceController[],SafeServiceHandle,Stopped,Win32ShareProcess,,
MMCSS,System.ServiceProcess.ServiceController[],FALSE,FALSE,TRUE,Multimedia Class Scheduler,System.ServiceProcess.ServiceController[],.,MMCSS,System.ServiceProcess.ServiceController[],SafeServiceHandle,Running,Win32ShareProcess,,
MozillaMaintenance,System.ServiceProcess.ServiceController[],FALSE,FALSE,FALSE,Mozilla Maintenance Service,System.ServiceProcess.ServiceController[],.,MozillaMaintenance,System.ServiceProcess.ServiceController[],SafeServiceHandle,Stopped,Win32OwnProcess,,
MpsSvc,System.ServiceProcess.ServiceController[],FALSE,FALSE,FALSE,Windows Firewall,System.ServiceProcess.ServiceController[],.,MpsSvc,System.ServiceProcess.ServiceController[],SafeServiceHandle,Stopped,Win32ShareProcess,,
MSDTC,System.ServiceProcess.ServiceController[],FALSE,FALSE,FALSE,Distributed Transaction Coordinator,System.ServiceProcess.ServiceController[],.,MSDTC,System.ServiceProcess.ServiceController[],,Stopped,Win32OwnProcess,,
MSiSCSI,System.ServiceProcess.ServiceController[],FALSE,FALSE,FALSE,Microsoft iSCSI Initiator Service,System.ServiceProcess.ServiceController[],.,MSiSCSI,System.ServiceProcess.ServiceController[],SafeServiceHandle,Stopped,Win32ShareProcess,,
msiserver,System.ServiceProcess.ServiceController[],FALSE,FALSE,FALSE,Windows Installer,System.ServiceProcess.ServiceController[],.,msiserver,System.ServiceProcess.ServiceController[],SafeServiceHandle,Stopped,Win32OwnProcess,,
MSSQL$SQLEXPRESS,System.ServiceProcess.ServiceController[],TRUE,TRUE,TRUE,SQL Server (SQLEXPRESS),System.ServiceProcess.ServiceController[],.,MSSQL$SQLEXPRESS,System.ServiceProcess.ServiceController[],SafeServiceHandle,Running,Win32OwnProcess,,
MyWiFiDHCPDNS,System.ServiceProcess.ServiceController[],FALSE,FALSE,FALSE,Wireless PAN DHCP Server,System.ServiceProcess.ServiceController[],.,MyWiFiDHCPDNS,System.ServiceProcess.ServiceController[],SafeServiceHandle,Stopped,Win32OwnProcess,,
MyWindowsService,System.ServiceProcess.ServiceController[],FALSE,TRUE,TRUE,My Windows Service (Jenkins CI test),System.ServiceProcess.ServiceController[],.,MyWindowsService,System.ServiceProcess.ServiceController[],SafeServiceHandle,Running,Win32OwnProcess,,
napagent,System.ServiceProcess.ServiceController[],FALSE,FALSE,FALSE,Network Access Protection Agent,System.ServiceProcess.ServiceController[],.,napagent,System.ServiceProcess.ServiceController[],SafeServiceHandle,Stopped,Win32ShareProcess,,
Net Driver HPZ12,System.ServiceProcess.ServiceController[],FALSE,FALSE,FALSE,Net Driver HPZ12,System.ServiceProcess.ServiceController[],.,Net Driver HPZ12,System.ServiceProcess.ServiceController[],SafeServiceHandle,Stopped,Win32OwnProcess,,
Netlogon,System.ServiceProcess.ServiceController[],FALSE,FALSE,FALSE,Netlogon,System.ServiceProcess.ServiceController[],.,Netlogon,System.ServiceProcess.ServiceController[],SafeServiceHandle,Stopped,Win32ShareProcess,,
Netman,System.ServiceProcess.ServiceController[],FALSE,FALSE,TRUE,Network Connections,System.ServiceProcess.ServiceController[],.,Netman,System.ServiceProcess.ServiceController[],SafeServiceHandle,Running,Win32ShareProcess,,
NetMsmqActivator,System.ServiceProcess.ServiceController[],FALSE,FALSE,FALSE,Net.Msmq Listener Adapter,System.ServiceProcess.ServiceController[],.,NetMsmqActivator,System.ServiceProcess.ServiceController[],SafeServiceHandle,Stopped,Win32ShareProcess,,
NetPipeActivator,System.ServiceProcess.ServiceController[],FALSE,FALSE,FALSE,Net.Pipe Listener Adapter,System.ServiceProcess.ServiceController[],.,NetPipeActivator,System.ServiceProcess.ServiceController[],SafeServiceHandle,Stopped,Win32ShareProcess,,
netprofm,System.ServiceProcess.ServiceController[],FALSE,FALSE,TRUE,Network List Service,System.ServiceProcess.ServiceController[],.,netprofm,System.ServiceProcess.ServiceController[],SafeServiceHandle,Running,Win32ShareProcess,,
NetTcpActivator,System.ServiceProcess.ServiceController[],FALSE,FALSE,FALSE,Net.Tcp Listener Adapter,System.ServiceProcess.ServiceController[],.,NetTcpActivator,System.ServiceProcess.ServiceController[],SafeServiceHandle,Stopped,Win32ShareProcess,,
NetTcpPortSharing,System.ServiceProcess.ServiceController[],FALSE,FALSE,FALSE,Net.Tcp Port Sharing Service,System.ServiceProcess.ServiceController[],.,NetTcpPortSharing,System.ServiceProcess.ServiceController[],SafeServiceHandle,Stopped,Win32ShareProcess,,
NlaSvc,System.ServiceProcess.ServiceController[],FALSE,FALSE,TRUE,Network Location Awareness,System.ServiceProcess.ServiceController[],.,NlaSvc,System.ServiceProcess.ServiceController[],SafeServiceHandle,Running,Win32ShareProcess,,
nsi,System.ServiceProcess.ServiceController[],FALSE,FALSE,TRUE,Network Store Interface Service,System.ServiceProcess.ServiceController[],.,nsi,System.ServiceProcess.ServiceController[],SafeServiceHandle,Running,Win32ShareProcess,,
ose,System.ServiceProcess.ServiceController[],FALSE,FALSE,FALSE,Office  Source Engine,System.ServiceProcess.ServiceController[],.,ose,System.ServiceProcess.ServiceController[],SafeServiceHandle,Stopped,Win32OwnProcess,,
osppsvc,System.ServiceProcess.ServiceController[],FALSE,FALSE,FALSE,Office Software Protection Platform,System.ServiceProcess.ServiceController[],.,osppsvc,System.ServiceProcess.ServiceController[],SafeServiceHandle,Stopped,Win32OwnProcess,,
p2pimsvc,System.ServiceProcess.ServiceController[],FALSE,FALSE,FALSE,Peer Networking Identity Manager,System.ServiceProcess.ServiceController[],.,p2pimsvc,System.ServiceProcess.ServiceController[],SafeServiceHandle,Stopped,Win32ShareProcess,,
p2psvc,System.ServiceProcess.ServiceController[],FALSE,FALSE,FALSE,Peer Networking Grouping,System.ServiceProcess.ServiceController[],.,p2psvc,System.ServiceProcess.ServiceController[],SafeServiceHandle,Stopped,Win32ShareProcess,,
PcaSvc,System.ServiceProcess.ServiceController[],FALSE,FALSE,TRUE,Program Compatibility Assistant Service,System.ServiceProcess.ServiceController[],.,PcaSvc,System.ServiceProcess.ServiceController[],SafeServiceHandle,Running,Win32ShareProcess,,
PeerDistSvc,System.ServiceProcess.ServiceController[],FALSE,FALSE,FALSE,BranchCache,System.ServiceProcess.ServiceController[],.,PeerDistSvc,System.ServiceProcess.ServiceController[],SafeServiceHandle,Stopped,Win32ShareProcess,,
PerfHost,System.ServiceProcess.ServiceController[],FALSE,FALSE,FALSE,Performance Counter DLL Host,System.ServiceProcess.ServiceController[],.,PerfHost,System.ServiceProcess.ServiceController[],SafeServiceHandle,Stopped,Win32OwnProcess,,
pla,System.ServiceProcess.ServiceController[],FALSE,FALSE,FALSE,Performance Logs & Alerts,System.ServiceProcess.ServiceController[],.,pla,System.ServiceProcess.ServiceController[],SafeServiceHandle,Stopped,Win32ShareProcess,,
PlugPlay,System.ServiceProcess.ServiceController[],FALSE,TRUE,FALSE,Plug and Play,System.ServiceProcess.ServiceController[],.,PlugPlay,System.ServiceProcess.ServiceController[],SafeServiceHandle,Running,Win32ShareProcess,,
Pml Driver HPZ12,System.ServiceProcess.ServiceController[],FALSE,FALSE,FALSE,Pml Driver HPZ12,System.ServiceProcess.ServiceController[],.,Pml Driver HPZ12,System.ServiceProcess.ServiceController[],SafeServiceHandle,Stopped,Win32OwnProcess,,
PNRPAutoReg,System.ServiceProcess.ServiceController[],FALSE,FALSE,FALSE,PNRP Machine Name Publication Service,System.ServiceProcess.ServiceController[],.,PNRPAutoReg,System.ServiceProcess.ServiceController[],SafeServiceHandle,Stopped,Win32ShareProcess,,
PNRPsvc,System.ServiceProcess.ServiceController[],FALSE,FALSE,FALSE,Peer Name Resolution Protocol,System.ServiceProcess.ServiceController[],.,PNRPsvc,System.ServiceProcess.ServiceController[],SafeServiceHandle,Stopped,Win32ShareProcess,,
PolicyAgent,System.ServiceProcess.ServiceController[],FALSE,TRUE,TRUE,IPsec Policy Agent,System.ServiceProcess.ServiceController[],.,PolicyAgent,System.ServiceProcess.ServiceController[],SafeServiceHandle,Running,Win32ShareProcess,,
Power,System.ServiceProcess.ServiceController[],FALSE,TRUE,FALSE,Power,System.ServiceProcess.ServiceController[],.,Power,System.ServiceProcess.ServiceController[],SafeServiceHandle,Running,Win32ShareProcess,,
ProfSvc,System.ServiceProcess.ServiceController[],FALSE,TRUE,TRUE,User Profile Service,System.ServiceProcess.ServiceController[],.,ProfSvc,System.ServiceProcess.ServiceController[],SafeServiceHandle,Running,Win32ShareProcess,,
ProtectedStorage,System.ServiceProcess.ServiceController[],FALSE,FALSE,FALSE,Protected Storage,System.ServiceProcess.ServiceController[],.,ProtectedStorage,System.ServiceProcess.ServiceController[],SafeServiceHandle,Stopped,Win32ShareProcess,,
QWAVE,System.ServiceProcess.ServiceController[],FALSE,FALSE,FALSE,Quality Windows Audio Video Experience,System.ServiceProcess.ServiceController[],.,QWAVE,System.ServiceProcess.ServiceController[],SafeServiceHandle,Stopped,Win32ShareProcess,,
RasAuto,System.ServiceProcess.ServiceController[],FALSE,FALSE,FALSE,Remote Access Auto Connection Manager,System.ServiceProcess.ServiceController[],.,RasAuto,System.ServiceProcess.ServiceController[],SafeServiceHandle,Stopped,Win32ShareProcess,,
RasMan,System.ServiceProcess.ServiceController[],FALSE,TRUE,TRUE,Remote Access Connection Manager,System.ServiceProcess.ServiceController[],.,RasMan,System.ServiceProcess.ServiceController[],SafeServiceHandle,Running,Win32ShareProcess,,
RegSrvc,System.ServiceProcess.ServiceController[],FALSE,FALSE,TRUE,Intel(R) PROSet/Wireless Registry Service,System.ServiceProcess.ServiceController[],.,RegSrvc,System.ServiceProcess.ServiceController[],SafeServiceHandle,Running,Win32OwnProcess,,
RemoteAccess,System.ServiceProcess.ServiceController[],FALSE,FALSE,FALSE,Routing and Remote Access,System.ServiceProcess.ServiceController[],.,RemoteAccess,System.ServiceProcess.ServiceController[],SafeServiceHandle,Stopped,Win32ShareProcess,,
RemoteRegistry,System.ServiceProcess.ServiceController[],FALSE,FALSE,TRUE,Remote Registry,System.ServiceProcess.ServiceController[],.,RemoteRegistry,System.ServiceProcess.ServiceController[],SafeServiceHandle,Running,Win32ShareProcess,,
RpcEptMapper,System.ServiceProcess.ServiceController[],FALSE,FALSE,FALSE,RPC Endpoint Mapper,System.ServiceProcess.ServiceController[],.,RpcEptMapper,System.ServiceProcess.ServiceController[],,Running,Win32ShareProcess,,
RpcLocator,System.ServiceProcess.ServiceController[],FALSE,FALSE,FALSE,Remote Procedure Call (RPC) Locator,System.ServiceProcess.ServiceController[],.,RpcLocator,System.ServiceProcess.ServiceController[],SafeServiceHandle,Stopped,Win32OwnProcess,,
RpcSs,System.ServiceProcess.ServiceController[],FALSE,FALSE,FALSE,Remote Procedure Call (RPC),System.ServiceProcess.ServiceController[],.,RpcSs,System.ServiceProcess.ServiceController[],,Running,Win32ShareProcess,,
SamSs,System.ServiceProcess.ServiceController[],FALSE,FALSE,FALSE,Security Accounts Manager,System.ServiceProcess.ServiceController[],.,SamSs,System.ServiceProcess.ServiceController[],SafeServiceHandle,Running,Win32ShareProcess,,
SCardSvr,System.ServiceProcess.ServiceController[],FALSE,TRUE,TRUE,Smart Card,System.ServiceProcess.ServiceController[],.,SCardSvr,System.ServiceProcess.ServiceController[],,Running,Win32ShareProcess,,
Schedule,System.ServiceProcess.ServiceController[],FALSE,FALSE,TRUE,Task Scheduler,System.ServiceProcess.ServiceController[],.,Schedule,System.ServiceProcess.ServiceController[],,Running,Win32ShareProcess,,
SCPolicySvc,System.ServiceProcess.ServiceController[],FALSE,FALSE,FALSE,Smart Card Removal Policy,System.ServiceProcess.ServiceController[],.,SCPolicySvc,System.ServiceProcess.ServiceController[],,Stopped,Win32ShareProcess,,
SDRSVC,System.ServiceProcess.ServiceController[],FALSE,FALSE,FALSE,Windows Backup,System.ServiceProcess.ServiceController[],.,SDRSVC,System.ServiceProcess.ServiceController[],SafeServiceHandle,Stopped,Win32OwnProcess,,
seclogon,System.ServiceProcess.ServiceController[],FALSE,FALSE,FALSE,Secondary Logon,System.ServiceProcess.ServiceController[],.,seclogon,System.ServiceProcess.ServiceController[],SafeServiceHandle,Stopped,Win32ShareProcess,,
SENS,System.ServiceProcess.ServiceController[],FALSE,FALSE,TRUE,System Event Notification Service,System.ServiceProcess.ServiceController[],.,SENS,System.ServiceProcess.ServiceController[],SafeServiceHandle,Running,Win32ShareProcess,,
SensrSvc,System.ServiceProcess.ServiceController[],FALSE,FALSE,FALSE,Adaptive Brightness,System.ServiceProcess.ServiceController[],.,SensrSvc,System.ServiceProcess.ServiceController[],SafeServiceHandle,Stopped,Win32ShareProcess,,
SepMasterService,System.ServiceProcess.ServiceController[],FALSE,TRUE,FALSE,Symantec Endpoint Protection,System.ServiceProcess.ServiceController[],.,SepMasterService,System.ServiceProcess.ServiceController[],,Running,Win32OwnProcess,,
SessionEnv,System.ServiceProcess.ServiceController[],FALSE,FALSE,TRUE,Remote Desktop Configuration,System.ServiceProcess.ServiceController[],.,SessionEnv,System.ServiceProcess.ServiceController[],SafeServiceHandle,Running,Win32ShareProcess,,
SharedAccess,System.ServiceProcess.ServiceController[],FALSE,FALSE,FALSE,Internet Connection Sharing (ICS),System.ServiceProcess.ServiceController[],.,SharedAccess,System.ServiceProcess.ServiceController[],SafeServiceHandle,Stopped,Win32ShareProcess,,
ShellHWDetection,System.ServiceProcess.ServiceController[],FALSE,FALSE,TRUE,Shell Hardware Detection,System.ServiceProcess.ServiceController[],.,ShellHWDetection,System.ServiceProcess.ServiceController[],SafeServiceHandle,Running,Win32ShareProcess,,
SkypeUpdate,System.ServiceProcess.ServiceController[],FALSE,FALSE,FALSE,Skype Updater,System.ServiceProcess.ServiceController[],.,SkypeUpdate,System.ServiceProcess.ServiceController[],SafeServiceHandle,Stopped,Win32OwnProcess,,
smstsmgr,System.ServiceProcess.ServiceController[],FALSE,FALSE,FALSE,ConfigMgr Task Sequence Agent,System.ServiceProcess.ServiceController[],.,smstsmgr,System.ServiceProcess.ServiceController[],SafeServiceHandle,Stopped,Win32OwnProcess,,
SNAC,System.ServiceProcess.ServiceController[],FALSE,FALSE,FALSE,Symantec Network Access Control,System.ServiceProcess.ServiceController[],.,SNAC,System.ServiceProcess.ServiceController[],SafeServiceHandle,Stopped,Win32OwnProcess,,
SNMPTRAP,System.ServiceProcess.ServiceController[],FALSE,FALSE,FALSE,SNMP Trap,System.ServiceProcess.ServiceController[],.,SNMPTRAP,System.ServiceProcess.ServiceController[],SafeServiceHandle,Stopped,Win32OwnProcess,,
Spooler,System.ServiceProcess.ServiceController[],FALSE,FALSE,TRUE,Print Spooler,System.ServiceProcess.ServiceController[],.,Spooler,System.ServiceProcess.ServiceController[],SafeServiceHandle,Running,"Win32OwnProcess, InteractiveProcess",,
sppsvc,System.ServiceProcess.ServiceController[],FALSE,FALSE,FALSE,Software Protection,System.ServiceProcess.ServiceController[],.,sppsvc,System.ServiceProcess.ServiceController[],SafeServiceHandle,Stopped,Win32OwnProcess,,
sppuinotify,System.ServiceProcess.ServiceController[],FALSE,FALSE,FALSE,SPP Notification Service,System.ServiceProcess.ServiceController[],.,sppuinotify,System.ServiceProcess.ServiceController[],SafeServiceHandle,Stopped,Win32ShareProcess,,
SQLAgent$SQLEXPRESS,System.ServiceProcess.ServiceController[],FALSE,FALSE,FALSE,SQL Server Agent (SQLEXPRESS),System.ServiceProcess.ServiceController[],.,SQLAgent$SQLEXPRESS,System.ServiceProcess.ServiceController[],SafeServiceHandle,Stopped,Win32OwnProcess,,
SQLBrowser,System.ServiceProcess.ServiceController[],TRUE,TRUE,TRUE,SQL Server Browser,System.ServiceProcess.ServiceController[],.,SQLBrowser,System.ServiceProcess.ServiceController[],SafeServiceHandle,Running,Win32OwnProcess,,
SQLWriter,System.ServiceProcess.ServiceController[],FALSE,TRUE,TRUE,SQL Server VSS Writer,System.ServiceProcess.ServiceController[],.,SQLWriter,System.ServiceProcess.ServiceController[],SafeServiceHandle,Running,Win32OwnProcess,,
SSDPSRV,System.ServiceProcess.ServiceController[],FALSE,TRUE,TRUE,SSDP Discovery,System.ServiceProcess.ServiceController[],.,SSDPSRV,System.ServiceProcess.ServiceController[],SafeServiceHandle,Running,Win32ShareProcess,,
SstpSvc,System.ServiceProcess.ServiceController[],FALSE,TRUE,TRUE,Secure Socket Tunneling Protocol Service,System.ServiceProcess.ServiceController[],.,SstpSvc,System.ServiceProcess.ServiceController[],SafeServiceHandle,Running,Win32ShareProcess,,
stisvc,System.ServiceProcess.ServiceController[],TRUE,TRUE,TRUE,Windows Image Acquisition (WIA),System.ServiceProcess.ServiceController[],.,stisvc,System.ServiceProcess.ServiceController[],SafeServiceHandle,Running,Win32OwnProcess,,
StorSvc,System.ServiceProcess.ServiceController[],FALSE,FALSE,FALSE,Storage Service,System.ServiceProcess.ServiceController[],.,StorSvc,System.ServiceProcess.ServiceController[],SafeServiceHandle,Stopped,Win32ShareProcess,,
SUService,System.ServiceProcess.ServiceController[],FALSE,FALSE,FALSE,System Update,System.ServiceProcess.ServiceController[],.,SUService,System.ServiceProcess.ServiceController[],SafeServiceHandle,Stopped,Win32OwnProcess,,
swprv,System.ServiceProcess.ServiceController[],FALSE,FALSE,FALSE,Microsoft Software Shadow Copy Provider,System.ServiceProcess.ServiceController[],.,swprv,System.ServiceProcess.ServiceController[],SafeServiceHandle,Stopped,Win32OwnProcess,,
SysMain,System.ServiceProcess.ServiceController[],FALSE,TRUE,TRUE,Superfetch,System.ServiceProcess.ServiceController[],.,SysMain,System.ServiceProcess.ServiceController[],SafeServiceHandle,Running,Win32ShareProcess,,
TabletInputService,System.ServiceProcess.ServiceController[],FALSE,FALSE,TRUE,Tablet PC Input Service,System.ServiceProcess.ServiceController[],.,TabletInputService,System.ServiceProcess.ServiceController[],SafeServiceHandle,Running,Win32ShareProcess,,
TapiSrv,System.ServiceProcess.ServiceController[],TRUE,FALSE,TRUE,Telephony,System.ServiceProcess.ServiceController[],.,TapiSrv,System.ServiceProcess.ServiceController[],SafeServiceHandle,Running,Win32ShareProcess,,
TBS,System.ServiceProcess.ServiceController[],FALSE,FALSE,TRUE,TPM Base Services,System.ServiceProcess.ServiceController[],.,TBS,System.ServiceProcess.ServiceController[],SafeServiceHandle,Running,Win32ShareProcess,,
TermService,System.ServiceProcess.ServiceController[],FALSE,TRUE,TRUE,Remote Desktop Services,System.ServiceProcess.ServiceController[],.,TermService,System.ServiceProcess.ServiceController[],SafeServiceHandle,Running,Win32ShareProcess,,
Themes,System.ServiceProcess.ServiceController[],FALSE,FALSE,TRUE,Themes,System.ServiceProcess.ServiceController[],.,Themes,System.ServiceProcess.ServiceController[],SafeServiceHandle,Running,Win32ShareProcess,,
THREADORDER,System.ServiceProcess.ServiceController[],FALSE,FALSE,FALSE,Thread Ordering Server,System.ServiceProcess.ServiceController[],.,THREADORDER,System.ServiceProcess.ServiceController[],SafeServiceHandle,Stopped,Win32ShareProcess,,
Tomcat8,System.ServiceProcess.ServiceController[],FALSE,TRUE,TRUE,Apache Tomcat 8.5 Tomcat8,System.ServiceProcess.ServiceController[],.,Tomcat8,System.ServiceProcess.ServiceController[],SafeServiceHandle,Running,Win32OwnProcess,,
TPHDEXLGSVC,System.ServiceProcess.ServiceController[],FALSE,FALSE,FALSE,ThinkPad HDD APS Logging Service,System.ServiceProcess.ServiceController[],.,TPHDEXLGSVC,System.ServiceProcess.ServiceController[],SafeServiceHandle,Stopped,Win32OwnProcess,,
TPHKLOAD,System.ServiceProcess.ServiceController[],FALSE,FALSE,TRUE,Lenovo Hotkey Client Loader,System.ServiceProcess.ServiceController[],.,TPHKLOAD,System.ServiceProcess.ServiceController[],SafeServiceHandle,Running,Win32OwnProcess,,
TPHKSVC,System.ServiceProcess.ServiceController[],FALSE,FALSE,TRUE,On Screen Display,System.ServiceProcess.ServiceController[],.,TPHKSVC,System.ServiceProcess.ServiceController[],SafeServiceHandle,Running,Win32OwnProcess,,
TrkWks,System.ServiceProcess.ServiceController[],FALSE,TRUE,TRUE,Distributed Link Tracking Client,System.ServiceProcess.ServiceController[],.,TrkWks,System.ServiceProcess.ServiceController[],SafeServiceHandle,Running,Win32ShareProcess,,
TrustedInstaller,System.ServiceProcess.ServiceController[],FALSE,FALSE,FALSE,Windows Modules Installer,System.ServiceProcess.ServiceController[],.,TrustedInstaller,System.ServiceProcess.ServiceController[],,Stopped,Win32OwnProcess,,
UI0Detect,System.ServiceProcess.ServiceController[],FALSE,FALSE,FALSE,Interactive Services Detection,System.ServiceProcess.ServiceController[],.,UI0Detect,System.ServiceProcess.ServiceController[],SafeServiceHandle,Stopped,"Win32OwnProcess, InteractiveProcess",,
UmRdpService,System.ServiceProcess.ServiceController[],FALSE,TRUE,TRUE,Remote Desktop Services UserMode Port Redirector,System.ServiceProcess.ServiceController[],.,UmRdpService,System.ServiceProcess.ServiceController[],SafeServiceHandle,Running,Win32ShareProcess,,
upnphost,System.ServiceProcess.ServiceController[],FALSE,FALSE,FALSE,UPnP Device Host,System.ServiceProcess.ServiceController[],.,upnphost,System.ServiceProcess.ServiceController[],SafeServiceHandle,Stopped,Win32ShareProcess,,
UxSms,System.ServiceProcess.ServiceController[],FALSE,TRUE,TRUE,Desktop Window Manager Session Manager,System.ServiceProcess.ServiceController[],.,UxSms,System.ServiceProcess.ServiceController[],SafeServiceHandle,Running,Win32ShareProcess,,
VaultSvc,System.ServiceProcess.ServiceController[],FALSE,FALSE,FALSE,Credential Manager,System.ServiceProcess.ServiceController[],.,VaultSvc,System.ServiceProcess.ServiceController[],SafeServiceHandle,Stopped,Win32ShareProcess,,
vds,System.ServiceProcess.ServiceController[],FALSE,FALSE,FALSE,Virtual Disk,System.ServiceProcess.ServiceController[],.,vds,System.ServiceProcess.ServiceController[],SafeServiceHandle,Stopped,Win32OwnProcess,,
vpnagent,System.ServiceProcess.ServiceController[],TRUE,TRUE,TRUE,Cisco AnyConnect Secure Mobility Agent,System.ServiceProcess.ServiceController[],.,vpnagent,System.ServiceProcess.ServiceController[],SafeServiceHandle,Running,Win32OwnProcess,,
VSS,System.ServiceProcess.ServiceController[],FALSE,FALSE,FALSE,Volume Shadow Copy,System.ServiceProcess.ServiceController[],.,VSS,System.ServiceProcess.ServiceController[],SafeServiceHandle,Stopped,Win32OwnProcess,,
W32Time,System.ServiceProcess.ServiceController[],FALSE,FALSE,FALSE,Windows Time,System.ServiceProcess.ServiceController[],.,W32Time,System.ServiceProcess.ServiceController[],SafeServiceHandle,Stopped,Win32ShareProcess,,
W3SVC,System.ServiceProcess.ServiceController[],FALSE,TRUE,TRUE,World Wide Web Publishing Service,System.ServiceProcess.ServiceController[],.,W3SVC,System.ServiceProcess.ServiceController[],SafeServiceHandle,Running,Win32ShareProcess,,
WAS,System.ServiceProcess.ServiceController[],TRUE,TRUE,TRUE,Windows Process Activation Service,System.ServiceProcess.ServiceController[],.,WAS,System.ServiceProcess.ServiceController[],SafeServiceHandle,Running,Win32ShareProcess,,
WatAdminSvc,System.ServiceProcess.ServiceController[],FALSE,FALSE,FALSE,Windows Activation Technologies Service,System.ServiceProcess.ServiceController[],.,WatAdminSvc,System.ServiceProcess.ServiceController[],,Stopped,Win32OwnProcess,,
wbengine,System.ServiceProcess.ServiceController[],FALSE,FALSE,FALSE,Block Level Backup Engine Service,System.ServiceProcess.ServiceController[],.,wbengine,System.ServiceProcess.ServiceController[],SafeServiceHandle,Stopped,Win32OwnProcess,,
WbioSrvc,System.ServiceProcess.ServiceController[],FALSE,FALSE,FALSE,Windows Biometric Service,System.ServiceProcess.ServiceController[],.,WbioSrvc,System.ServiceProcess.ServiceController[],SafeServiceHandle,Stopped,Win32ShareProcess,,
wcncsvc,System.ServiceProcess.ServiceController[],FALSE,FALSE,FALSE,Windows Connect Now - Config Registrar,System.ServiceProcess.ServiceController[],.,wcncsvc,System.ServiceProcess.ServiceController[],SafeServiceHandle,Stopped,Win32ShareProcess,,
WcsPlugInService,System.ServiceProcess.ServiceController[],FALSE,FALSE,FALSE,Windows Color System,System.ServiceProcess.ServiceController[],.,WcsPlugInService,System.ServiceProcess.ServiceController[],SafeServiceHandle,Stopped,Win32ShareProcess,,
WdiServiceHost,System.ServiceProcess.ServiceController[],FALSE,TRUE,TRUE,Diagnostic Service Host,System.ServiceProcess.ServiceController[],.,WdiServiceHost,System.ServiceProcess.ServiceController[],,Running,Win32ShareProcess,,
WdiSystemHost,System.ServiceProcess.ServiceController[],FALSE,FALSE,FALSE,Diagnostic System Host,System.ServiceProcess.ServiceController[],.,WdiSystemHost,System.ServiceProcess.ServiceController[],,Stopped,Win32ShareProcess,,
WebClient,System.ServiceProcess.ServiceController[],FALSE,FALSE,FALSE,WebClient,System.ServiceProcess.ServiceController[],.,WebClient,System.ServiceProcess.ServiceController[],SafeServiceHandle,Stopped,Win32ShareProcess,,
Wecsvc,System.ServiceProcess.ServiceController[],FALSE,FALSE,FALSE,Windows Event Collector,System.ServiceProcess.ServiceController[],.,Wecsvc,System.ServiceProcess.ServiceController[],SafeServiceHandle,Stopped,Win32ShareProcess,,
wercplsupport,System.ServiceProcess.ServiceController[],FALSE,FALSE,FALSE,Problem Reports and Solutions Control Panel Support,System.ServiceProcess.ServiceController[],.,wercplsupport,System.ServiceProcess.ServiceController[],SafeServiceHandle,Stopped,Win32ShareProcess,,
WerSvc,System.ServiceProcess.ServiceController[],FALSE,FALSE,FALSE,Windows Error Reporting Service,System.ServiceProcess.ServiceController[],.,WerSvc,System.ServiceProcess.ServiceController[],SafeServiceHandle,Stopped,Win32ShareProcess,,
WinDefend,System.ServiceProcess.ServiceController[],FALSE,FALSE,FALSE,Windows Defender,System.ServiceProcess.ServiceController[],.,WinDefend,System.ServiceProcess.ServiceController[],SafeServiceHandle,Stopped,Win32ShareProcess,,
WinHttpAutoProxySvc,System.ServiceProcess.ServiceController[],FALSE,FALSE,TRUE,WinHTTP Web Proxy Auto-Discovery Service,System.ServiceProcess.ServiceController[],.,WinHttpAutoProxySvc,System.ServiceProcess.ServiceController[],SafeServiceHandle,Running,Win32ShareProcess,,
Winmgmt,System.ServiceProcess.ServiceController[],TRUE,TRUE,TRUE,Windows Management Instrumentation,System.ServiceProcess.ServiceController[],.,Winmgmt,System.ServiceProcess.ServiceController[],SafeServiceHandle,Running,Win32ShareProcess,,
WinRM,System.ServiceProcess.ServiceController[],FALSE,FALSE,FALSE,Windows Remote Management (WS-Management),System.ServiceProcess.ServiceController[],.,WinRM,System.ServiceProcess.ServiceController[],SafeServiceHandle,Stopped,Win32ShareProcess,,
Wlansvc,System.ServiceProcess.ServiceController[],FALSE,TRUE,TRUE,WLAN AutoConfig,System.ServiceProcess.ServiceController[],.,Wlansvc,System.ServiceProcess.ServiceController[],SafeServiceHandle,Running,Win32ShareProcess,,
wmiApSrv,System.ServiceProcess.ServiceController[],FALSE,FALSE,FALSE,WMI Performance Adapter,System.ServiceProcess.ServiceController[],.,wmiApSrv,System.ServiceProcess.ServiceController[],SafeServiceHandle,Stopped,Win32OwnProcess,,
WMPNetworkSvc,System.ServiceProcess.ServiceController[],FALSE,FALSE,FALSE,Windows Media Player Network Sharing Service,System.ServiceProcess.ServiceController[],.,WMPNetworkSvc,System.ServiceProcess.ServiceController[],SafeServiceHandle,Stopped,Win32OwnProcess,,
WMSVC,System.ServiceProcess.ServiceController[],FALSE,FALSE,FALSE,Web Management Service,System.ServiceProcess.ServiceController[],.,WMSVC,System.ServiceProcess.ServiceController[],SafeServiceHandle,Stopped,Win32OwnProcess,,
WPCSvc,System.ServiceProcess.ServiceController[],FALSE,FALSE,FALSE,Parental Controls,System.ServiceProcess.ServiceController[],.,WPCSvc,System.ServiceProcess.ServiceController[],SafeServiceHandle,Stopped,Win32ShareProcess,,
WPDBusEnum,System.ServiceProcess.ServiceController[],FALSE,FALSE,TRUE,Portable Device Enumerator Service,System.ServiceProcess.ServiceController[],.,WPDBusEnum,System.ServiceProcess.ServiceController[],SafeServiceHandle,Running,Win32ShareProcess,,
wscsvc,System.ServiceProcess.ServiceController[],FALSE,TRUE,TRUE,Security Center,System.ServiceProcess.ServiceController[],.,wscsvc,System.ServiceProcess.ServiceController[],SafeServiceHandle,Running,Win32ShareProcess,,
WsDrvInst,System.ServiceProcess.ServiceController[],FALSE,FALSE,FALSE,Wondershare Driver Install Service,System.ServiceProcess.ServiceController[],.,WsDrvInst,System.ServiceProcess.ServiceController[],SafeServiceHandle,Stopped,Win32OwnProcess,,
WSearch,System.ServiceProcess.ServiceController[],FALSE,TRUE,TRUE,Windows Search,System.ServiceProcess.ServiceController[],.,WSearch,System.ServiceProcess.ServiceController[],SafeServiceHandle,Running,Win32OwnProcess,,
wuauserv,System.ServiceProcess.ServiceController[],FALSE,TRUE,TRUE,Windows Update,System.ServiceProcess.ServiceController[],.,wuauserv,System.ServiceProcess.ServiceController[],SafeServiceHandle,Running,Win32ShareProcess,,
wudfsvc,System.ServiceProcess.ServiceController[],FALSE,FALSE,FALSE,Windows Driver Foundation - User-mode Driver Framework,System.ServiceProcess.ServiceController[],.,wudfsvc,System.ServiceProcess.ServiceController[],SafeServiceHandle,Running,Win32ShareProcess,,
WwanSvc,System.ServiceProcess.ServiceController[],FALSE,FALSE,FALSE,WWAN AutoConfig,System.ServiceProcess.ServiceController[],.,WwanSvc,System.ServiceProcess.ServiceController[],SafeServiceHandle,Stopped,Win32ShareProcess,,
ZeroConfigService,System.ServiceProcess.ServiceController[],FALSE,FALSE,TRUE,Intel(R) PROSet/Wireless Zero Configuration Service,System.ServiceProcess.ServiceController[],.,ZeroConfigService,System.ServiceProcess.ServiceController[],SafeServiceHandle,Running,Win32OwnProcess,,
